398683277218697217,bot
400649854927384576,bot
432902122150313984,business
390953095502376961,business
429419406070796288,business
432291323421679616,bot
420965873093197824,personal
442532832741969920,bot
421517486333247488,personal
427409760712142848,business
420606732562628608,business
402993596519186433,bot
435574637297405952,personal
439927954416893952,business
431023852483653632,bot
430839712882765824,personal
389260951230230528,business
415882464780111872,business
410629880749907968,business
397635768685826049,business
425996028098400256,bot
421256485448851456,personal
435380611390636032,personal
442372476426018816,personal
438696646504087552,personal
419507260625547264,personal
434125294685802497,business
441701666656894977,business
438198280636219392,bot
435961918986420224,personal
431950833987899392,business
415543860497223680,business
435545287005073408,bot
429092631466225664,personal
401749925433602049,business
424940711579230208,business
436188580432838656,business
410179872909438976,business
423252999260348416,business
431142825439543296,business
420797371946393600,business
398876734051061762,business
439910196031533056,business
441958123524603904,business
429468802905305088,business
435890551796158464,business
420679408676896768,business
417029173384052737,business
422002205156077569,business
440644002648694784,business
404888488178626560,business
389137172231503872,business
408498480890789888,business
440124839891050496,business
419487484599603200,business
423880253841235968,business
421100992852000768,business
433728049428045824,business
440979186505621504,business
424680607814529025,business
387725705565720576,business
422774257421012993,business
440112395789565952,business
396405677054521344,business
397678383196151808,business
422352875046436864,business
440339635596570624,business
430531021889880065,business
420975096866426880,business
434007334827089920,business
438365562893127680,business
415520366266970112,business
408373329922236416,business
438061335558242305,business
441233292529238017,business
428598721668861952,business
402510531304497152,business
442520696577486848,business
438654223647916033,business
443043350036623360,business
438970902844555264,business
431126381658128384,business
428176519920222210,business
418952404735115264,business
437145804940517376,business
