427078784064294912,personal
427115022842867713,business
427244265346195456,business
427334246957473792,personal
427353217144336384,personal
427378963447427072,business
427379538063265792,personal
427454959605784576,personal
385505434750025728,business
385505435781840896,personal
427477057686495232,personal
427487435732561920,business
427511279625187328,business
427626208176902144,business
427638465430188032,business
427826021425876993,business
427841408540876801,business
427847264086667265,personal
427848758806970368,business
427848760765722624,business
427848958564904960,personal
427849002332467200,personal
427849016354017280,personal
427855531760701440,business
427953867276296192,business
427957162019946496,personal
427957478765391872,business
427962170651848704,business
427974466858409984,personal
427997810001076224,business
428159114556866560,business
385505434750025728,business
405818254595088385,personal
435316656802648064,business
435344119482056704,personal
435344126586802176,business
435399308095913984,personal
435432271789563904,personal
435434241954824192,personal
435440306038009856,business
435456529508999168,personal
435458135923249152,personal
435472967393243136,personal
399151014525558784,business
399151015498620928,personal
399151092493471744,personal
399151297443921920,personal
399151504021807104,personal
399151857979105280,personal
399151972391329792,personal
399152056507703296,business
399152125206618112,business
399152175068483584,personal
399152408506683392,personal
399152419466002432,business
399152559577137152,personal
399152752754176000,personal
399152805983686656,business
399152840553152512,personal
399152868436881408,personal
399152970576580608,personal
399153106509770752,personal
399153143016980480,personal
399153196985118721,personal
399153456679632897,personal
399153546459095040,personal
399153666848219136,personal
399153710758395905,business
399153717456683008,personal
399153785777311744,personal
399153813140959232,personal
399153822536175616,personal
399153832887730176,personal
399153838168735744,personal
399153912248549376,personal
399154001247481856,personal
399154136869904384,personal
399154386556829698,personal
399154615738204160,personal
